{"schemaVersion":"1.0","appDefinitionTemplate":{"id":"/providers/Microsoft.PowerApps/apps/","type":"Microsoft.PowerApps/apps","tags":{"primaryDeviceWidth":"1920","primaryDeviceHeight":"1080","supportsPortrait":"false","supportsLandscape":"true","primaryFormFactor":"Tablet","publisherVersion":"3.24064.21","minimumRequiredApiVersion":"2.2.0","hasComponent":"false","hasUnlockedComponent":"false","isUnifiedRootApp":"false","sienaVersion":"20240709T202213Z-3.24064.21.0","showStatusBar":"false"},"properties":{"appVersion":"2024-07-09T20:22:13Z","lifeCycleId":"Published","createdByClientVersion":{"major":3,"minor":24064,"build":21,"revision":0,"majorRevision":0,"minorRevision":0},"minClientVersion":{"major":3,"minor":24064,"build":21,"revision":0,"majorRevision":0,"minorRevision":0},"backgroundColor":"RGBA(0,176,240,1)","backgroundImageUri":"/8026494290461754886/N60c5cf40-72d5-45c2-9b6a-d35b4076f746-logoSmallFile","displayName":"Datifica Mantenimiento","description":"","commitMessage":"","appUris":{"documentUri":{"value":"/8026494290461754886/Nfceee652-080c-4b0c-9e4c-c3e90fd6552c-document.msapp"},"imageUris":[],"additionalUris":[{"isSolutionAware":false,"value":"/8026494290461754886/N09462d62-79da-4be7-8af4-a39efd5bd46d-identity.json"}]},"createdTime":"0001-01-01T00:00:00Z","lastModifiedTime":"0001-01-01T00:00:00Z","sharedGroupsCount":0,"sharedUsersCount":0,"connectionReferences":{"297a91a6-7c1b-4560-b76c-9d71bc3c96f8":{"id":"257c2dac-2121-4cf1-8cc0-d7514b503188","displayName":"SharePoint","iconUri":"https://connectoricons-prod.azureedge.net/u/jayawan/releases/v1.0.1697/1.0.1697.3786/sharepointonline/icon.png","dataSources":["DatificaMAN-herramientas","DatificaMAN-ordenes_trabajo","DatificaMAN-tipos_subtipos_actuacion","DatificaMAN-tipo_elementos","DatificaMAN-tareas_ordenes","rrhh_fuente","DatificaMAN-callejero","DatificaMAN- orden_tarea_herramienta","DatificaMAN-ocupacion_herramienta","DatificaMAN-materiales"],"dependencies":[],"dependents":[],"parameterHints":{},"parameterHintsV2":{},"isOnPremiseConnection":false,"bypassConsent":false,"dataSets":{"https://p4608400j.sharepoint.com/sites/DatificaMan":{"dataSources":{"DatificaMAN-herramientas":{"tableName":"2ce8c5d6-fe61-4bd2-8b77-054919ef19b1"},"DatificaMAN-ordenes_trabajo":{"tableName":"ca64d8be-8ab2-4661-8f92-7c0e43317160"},"DatificaMAN-tipos_subtipos_actuacion":{"tableName":"c59cc24f-8286-4a28-a086-a19e8e8105ac"},"DatificaMAN-tipo_elementos":{"tableName":"523c6916-e973-4314-9e0a-ce33495df8a0"},"DatificaMAN-tareas_ordenes":{"tableName":"a5ee0bc4-e08e-45a1-b574-1f8e5ca3b20c"},"DatificaMAN-callejero":{"tableName":"ea3ae2eb-7509-4b69-8d36-1e2a5345b817"},"DatificaMAN- orden_tarea_herramienta":{"tableName":"56ea593c-f98a-4aac-bf28-ab430604bb0c"},"DatificaMAN-ocupacion_herramienta":{"tableName":"85e75cca-7635-461f-a722-9864aceedf61"},"DatificaMAN-materiales":{"tableName":"04508a21-c5a7-49aa-a23e-55a5f3134a55"}}},"https://p4608400j.sharepoint.com/sites/DatificaRRHH":{"dataSources":{"rrhh_fuente":{"tableName":"6ab559f0-b583-437e-aa14-9f2d3261f7ad"}}}},"apiTier":"Standard","isCustomApiConnection":false,"actions":["providers/PowerPlatform.Governance/Operations/Read","providers/PowerPlatform.Governance/Operations/Write"]},"f26b40a2-6e06-457a-9956-825b1c1f6df6":{"id":"257c2dac-2121-4cf1-8cc0-d7514b503188","displayName":"SharePoint","iconUri":"https://connectoricons-prod.azureedge.net/u/jayawan/releases/v1.0.1697/1.0.1697.3786/sharepointonline/icon.png","dataSources":["rrhh_plantilla"],"dependencies":[],"dependents":[],"parameterHints":{},"parameterHintsV2":{},"isOnPremiseConnection":false,"bypassConsent":false,"dataSets":{"https://p4608400j.sharepoint.com/sites/DatificaRRHH":{"dataSources":{"rrhh_plantilla":{"tableName":"d2cfa489-4bdc-43e2-8360-86cb6727ec55"}}}},"apiTier":"Standard","isCustomApiConnection":false,"actions":["providers/PowerPlatform.Governance/Operations/Read"]}},"databaseReferences":{},"almMode":"Environment","performanceOptimizationEnabled":true,"canConsumeAppPass":true,"enableModernRuntimeMode":false,"executionRestrictions":{"isTeamsOnly":false,"dataLossPreventionEvaluationResult":{"status":"Compliant","lastEvaluationDate":"2023-06-14T17:18:34.4964339Z","violations":[],"violationsByPolicy":[],"violationErrorMessage":"La aplicación usa los siguientes conectores: shared_sharepointonline."}}},"appType":"ClassicCanvasApp","appComponents":[]}}