{"schemaVersion":"1.0","appDefinitionTemplate":{"id":"/providers/Microsoft.PowerApps/apps/","type":"Microsoft.PowerApps/apps","tags":{"primaryDeviceWidth":"640","primaryDeviceHeight":"1136","supportsPortrait":"true","supportsLandscape":"true","primaryFormFactor":"Phone","showStatusBar":"false","publisherVersion":"3.24051.23","minimumRequiredApiVersion":"2.2.0","hasComponent":"false","hasUnlockedComponent":"false","isUnifiedRootApp":"false","sienaVersion":"20240521T093333Z-3.24051.23.0","offlineLargeFilesSupport":"false"},"properties":{"appVersion":"2024-05-21T09:33:33Z","lifeCycleId":"Published","createdByClientVersion":{"major":3,"minor":24051,"build":23,"revision":0,"majorRevision":0,"minorRevision":0},"minClientVersion":{"major":3,"minor":24051,"build":23,"revision":0,"majorRevision":0,"minorRevision":0},"backgroundColor":"RGBA(0,176,240,1)","backgroundImageUri":"/12674963475493702497/N1a67a16f-4404-48e4-9fb3-22bf5118c9a9-logoSmallFile","displayName":"Datifica Mantenimiento Tareas","description":"","commitMessage":"","appUris":{"documentUri":{"value":"/12674963475493702497/Nf990c58a-194e-4155-bfc8-ee1f5e4c0924-document.msapp"},"imageUris":[],"additionalUris":[{"isSolutionAware":false,"value":"/12674963475493702497/N7c9bd09a-1c6e-4f80-8039-618c2346fd38-identity.json"}]},"createdTime":"0001-01-01T00:00:00Z","lastModifiedTime":"0001-01-01T00:00:00Z","sharedGroupsCount":0,"sharedUsersCount":0,"connectionReferences":{"9fa7a94f-3438-4a77-a081-954b21fc2aa9":{"id":"257c2dac-2121-4cf1-8cc0-d7514b503188","displayName":"SharePoint","iconUri":"https://connectoricons-prod.azureedge.net/releases/v1.0.1685/1.0.1685.3700/sharepointonline/icon.png","dataSources":["DatificaMAN- orden_tarea_herramienta","DatificaMAN-callejero","DatificaMAN-herramientas","DatificaMAN-ordenes_trabajo","DatificaMAN-tareas_ordenes","DatificaMAN-tipo_elementos","DatificaMAN-tipos_subtipos_actuacion","rrhh_fuente","rrhh_plantilla","DatificaMAN- fotos_tareas","DatificaMAN-ocupacion_herramienta"],"dependencies":[],"dependents":[],"parameterHints":{},"parameterHintsV2":{},"isOnPremiseConnection":false,"bypassConsent":false,"dataSets":{"https://p4608400j.sharepoint.com/sites/DatificaMan":{"dataSources":{"DatificaMAN- orden_tarea_herramienta":{"tableName":"56ea593c-f98a-4aac-bf28-ab430604bb0c"},"DatificaMAN-callejero":{"tableName":"ea3ae2eb-7509-4b69-8d36-1e2a5345b817"},"DatificaMAN-herramientas":{"tableName":"2ce8c5d6-fe61-4bd2-8b77-054919ef19b1"},"DatificaMAN-ordenes_trabajo":{"tableName":"ca64d8be-8ab2-4661-8f92-7c0e43317160"},"DatificaMAN-tareas_ordenes":{"tableName":"a5ee0bc4-e08e-45a1-b574-1f8e5ca3b20c"},"DatificaMAN-tipo_elementos":{"tableName":"523c6916-e973-4314-9e0a-ce33495df8a0"},"DatificaMAN-tipos_subtipos_actuacion":{"tableName":"c59cc24f-8286-4a28-a086-a19e8e8105ac"},"DatificaMAN- fotos_tareas":{"tableName":"9553e3bf-95ee-4ba0-b511-294048e74073"},"DatificaMAN-ocupacion_herramienta":{"tableName":"85e75cca-7635-461f-a722-9864aceedf61"}}},"https://p4608400j.sharepoint.com/sites/DatificaRRHH":{"dataSources":{"rrhh_fuente":{"tableName":"6ab559f0-b583-437e-aa14-9f2d3261f7ad"},"rrhh_plantilla":{"tableName":"d2cfa489-4bdc-43e2-8360-86cb6727ec55"}}}},"apiTier":"Standard","isCustomApiConnection":false,"actions":["providers/PowerPlatform.Governance/Operations/Read","providers/PowerPlatform.Governance/Operations/Write","providers/PowerPlatform.Governance/Operations/Delete"]}},"databaseReferences":{},"almMode":"Environment","performanceOptimizationEnabled":true,"canConsumeAppPass":true,"enableModernRuntimeMode":false,"executionRestrictions":{"isTeamsOnly":false,"dataLossPreventionEvaluationResult":{"status":"Compliant","lastEvaluationDate":"2023-11-08T13:14:16.8198267Z","violations":[],"violationsByPolicy":[],"violationErrorMessage":"La aplicación usa los siguientes conectores: shared_sharepointonline."}}},"appType":"ClassicCanvasApp","appComponents":[]}}